{
    "name": "Dark Mode",
    "alias": "darkmode",
    "description": "Enable dark mode in FreeScout!",
    "version": "1.0.11",
    "detailsUrl": "https://freescout.net/module/dark-mode/",
    "author": "FreeScout",
    "authorUrl": "https://freescout.net",
    "requiredAppVersion": "1.8.24",
    "license": "AGPL-3.0",
    "keywords": [],
    "active": 0,
    "order": 0,
    "providers": [
        "Modules\\DarkMode\\Providers\\DarkModeServiceProvider"
    ],
    "aliases": {},
    "files": [
        "start.php"
    ],
    "requires": []
}
